"","ONSConstID","ConstituencyName","HouseWageRatio","UnempConstRate","UnempConstRateChange","WageMedianConst","social_mobility_score","deprivation_index_score"
"1","E14000530","Aldershot",9.77835723598436,0.0160164552733636,-0.0142419064983924,590,-24.946251960043,14.2649201990504
"2","E14000531","Aldridge-Brownhills",6.86641483516483,0.0308128535972504,-0.0214270750870941,560,12.1113497050278,17.2656340319374
"3","E14000532","Altrincham and Sale West",8.15481986368062,0.020310753025076,-0.00672474431096849,790,103.846117076809,9.64226741124033
"4","E14000533","Amber Valley",5.5935650887574,0.0328749362106261,-0.0170346256368474,520,-37.1111811526178,20.8067372372032
"5","E14000534","Arundel and South Downs",12.608764186633,0.0136387805390683,-0.00595235561440554,610,-54.8717153267477,10.5220368673023
"6","E14000535","Ashfield",5.18476621417798,0.0382785551504411,-0.0158182097641753,510,-30.7150298455303,25.7564516377612
"7","E14000536","Ashford",9.61538461538461,0.0324148503273279,-9.64314922899875e-05,570,11.8814626068512,17.4987345070423
"8","E14000537","Ashton-under-Lyne",5.70367132867133,0.0589994259317016,-0.00430436060069948,440,-30.529655855946,31.4257319903464
"9","E14000538","Aylesbury",10.1857887874837,0.0181107098696726,-0.00785593373390551,590,30.6655560297143,12.1173118716111
"10","E14000539","Banbury",10.0994132985658,0.0159332137691187,-0.00815418469014479,590,11.001719113483,13.1813613458914
"11","E14000540","Barking",10.4249325236167,0.0518571528438,-0.0320388737589292,570,12.4414104222853,35.282735105867
"12","E14000541","Barnsley Central",5.43269230769231,0.0473768673025675,-0.0206485585602504,460,-36.0265764131706,29.6510382764501
"13","E14000542","Barnsley East",4.90998363338789,0.0466217731336459,-0.0253802479407755,470,-35.6308745920661,31.9031327017834
"14","E14000543","Barrow and Furness",4.27350427350427,0.0329339474170381,-0.0111078067958366,630,-15.7054672169157,27.6692163748
"15","E14000544","Basildon and Billericay",9.52380952380952,0.0382177144020768,-0.0104185670631541,630,14.8001839309167,22.6707563474094
"16","E14000545","Basingstoke",8.38117106773823,0.0230060106949043,-0.0119703051056886,670,23.0474870939733,13.5631804489474
"17","E14000546","Bassetlaw",5.44871794871795,0.0361634928331887,-0.00458162822490321,540,-22.9700079620414,22.9424058797293
"18","E14000547","Bath",11.4718934911243,0.0268205616873385,-0.00364434424887639,650,-15.9525523742538,13.1776886352302
"19","E14000548","Batley and Spen",4.78955007256894,0.0497056505003183,-0.00752502037830755,530,-32.3037005593466,24.8403514157946
"20","E14000549","Battersea",17.0120607787274,0.0232205431568851,-0.0136002968079507,810,53.5989843702944,18.6477690059014
"21","E14000550","Beaconsfield",14.4907908992416,0.0137056373940714,-0.00748211807983087,710,24.1036068718636,8.35646426572867
"22","E14000551","Beckenham",12.3272928994083,0.0161574575403629,-0.00951823923729663,780,73.0270150731111,10.1898539270086
"23","E14000552","Bedford",8.74125874125874,0.0546668299299377,-0.0091447934824438,550,2.37823947906583,23.6647358261778
"24","E14000553","Bermondsey and Old Southwark",15.892094017094,0.0436272152566332,-0.0155118449522812,720,66.7991299344155,29.5621989183942
"25","E14000554","Berwick-upon-Tweed",6.97586726998492,0.0273896082167811,-0.00645981128273389,510,-4.08984843995626,18.7567399375829
"26","E14000555","Bethnal Green and Bow",13.9353400222965,0.0474999383240467,-0.0361977930615067,690,79.901442301268,37.4867409350661
"27","E14000556","Beverley and Holderness",5.63660477453581,0.0240173983460045,-0.0148183671004726,580,7.53095436347981,15.5613005567161
"28","E14000557","Bexhill and Battle",10.3410740203193,0.0285008246976248,-0.00410498327590821,530,24.4182350407943,16.0865265350033
"29","E14000558","Bexleyheath and Crayford",11.0576923076923,0.0242439583075003,-0.0194255992628056,600,54.4413880244341,17.1508436676581
"30","E14000559","Birkenhead",5.00801282051282,0.0788740573703777,-0.0167202015537679,480,-10.5913329063631,40.7743733615079
"31","E14000560","Birmingham, Edgbaston",7.38960113960114,0.0767169243588406,-0.00792242738134015,540,22.9642027323522,30.7725434440802
"32","E14000561","Birmingham, Erdington",6.00961538461539,0.107427486407024,-0.00927059394903634,480,-51.4762254793298,45.1661301446164
"33","E14000562","Birmingham, Hall Green",7.48076923076923,0.101352014876344,-0.00732562434279008,500,59.1636847517455,39.3227884086043
"34","E14000563","Birmingham, Hodge Hill",6.26118067978533,0.128406130620672,-0.0294772653940422,430,-16.8488482657771,50.2457858651411
"35","E14000564","Birmingham, Ladywood",6.37237762237762,0.132584734501259,-0.0261775320043049,550,-0.394250742986095,49.1536041605761
"36","E14000565","Birmingham, Northfield",5.6980056980057,0.0837416016138463,-0.0139256767287762,540,-57.443152816309,37.283866093093
"37","E14000566","Birmingham, Perry Barr",6.26022913256956,0.105446187653478,0.0014199608382206,470,2.00372222956017,36.390790610673
"38","E14000567","Birmingham, Selly Oak",6.35302197802198,0.0670850272826728,-0.00934766299845964,560,42.8070992781599,29.5429706810744
"39","E14000568","Birmingham, Yardley",6.10207100591716,0.0859869156009294,-0.0170974641615582,520,-9.56006593773946,39.7253549703542
"40","E14000569","Bishop Auckland",4.80769230769231,0.0563945872137202,-0.00228062060670457,500,14.450741276005,28.6996007357167
"41","E14000570","Blackburn",4.91452991452991,0.0788073583966758,0.0100200309697945,450,-10.3005193006636,37.5936471901126
"42","E14000571","Blackley and Broughton",5.60200668896321,0.0883313893230624,0.00223427108389224,460,5.57881902191655,46.9287288169886
"43","E14000572","Blackpool North and Cleveleys",5.24475524475525,0.0593347975027764,0.00734113811355563,440,-19.5177763435131,32.4623929449287
"44","E14000573","Blackpool South",4.51505016722408,0.0864115474655616,0.0106848345941994,460,-73.3403542583842,45.3903976188716
"45","E14000574","Blaydon",5.13986013986014,0.0431902739660539,-0.00165248570400016,550,18.8982164565037,19.3414808570707
"46","E14000575","Blyth Valley",5.67103109656301,0.0560885784135763,0.000326062263236448,470,-46.7664471043385,24.3985700760798
"47","E14000576","Bognor Regis and Littlehampton",11.0474631751227,0.0301956596155753,-0.00993609406605397,470,-48.9896387362359,20.8472497436104
"48","E14000577","Bolsover",5.64360367892977,0.0303350851251618,-0.0193305556045296,460,-12.963845201938,24.3710369372876
"49","E14000578","Bolton North East",6.20629370629371,0.0717992452867447,0.00717176344981744,440,-17.5227926781376,31.1598514386621
"50","E14000579","Bolton South East",4.50081833060556,0.0691813899408066,-0.00514867589586744,470,-18.8276881806795,34.764980961777
"51","E14000580","Bolton West",5.38461538461539,0.0382091565739694,-0.00400020240527036,550,28.2340269557533,19.7415605642118
"52","E14000581","Bootle",4.90580847723705,0.0823753019745847,-0.0165501585894608,490,-56.0627995018659,40.6723125368222
"53","E14000582","Boston and Skegness",7.0438282647585,0.043205799372122,-0.00305050238933392,430,-36.0242685648941,29.0582629749951
"54","E14000583","Bosworth",6.86813186813187,0.0268444934391146,-0.00700663791787524,560,-44.6219871847804,13.317928172338
"55","E14000584","Bournemouth East",8.3116036505867,0.037745217950272,-0.00490027162347972,590,17.0881460854476,21.703089669123
"56","E14000585","Bournemouth West",9.2085798816568,0.0345767084097266,-0.00823371161187321,520,-25.0693725312308,22.2596510064448
"57","E14000586","Bracknell",10.0591715976331,0.0178294717406238,-0.0115563804822379,650,10.7105637031095,10.9926084191796
"58","E14000587","Bradford East",4.3171114599686,0.0857822442796269,-0.00228662522799027,490,-2.74244794627853,42.7782278228064
"59","E14000588","Bradford South",4.68227424749164,0.0648068384635483,-0.00522219855057245,460,-73.2634252500669,36.3691860776707
"60","E14000589","Bradford West",4.58916083916084,0.0951313652952238,0.0123107346234901,440,-28.3686087704781,41.4347610585298
"61","E14000590","Braintree",9.1264667535854,0.0225742176000558,-0.0125390568968316,590,-6.33305318106273,15.4081172061501
"62","E14000591","Brent Central",15.6882591093117,0.0524092289835893,-0.0262079543161043,570,-14.0973271019414,32.3868158507492
"63","E14000592","Brent North",15.625,0.0265978946851026,-0.0156412863786295,560,55.5804718015784,20.8232999606715
"64","E14000593","Brentford and Isleworth",13.136511375948,0.038745379164826,0.00354738948197666,710,80.7001075685306,19.8826353206623
"65","E14000594","Brentwood and Ongar",11.025641025641,0.0182466142679052,-0.00966579633519683,750,27.3686075971608,11.2694354649175
"66","E14000595","Bridgwater and West Somerset",7.43831640058055,0.0354561691377992,-0.00240018892882216,530,-27.2686794205208,22.3206018335146
"67","E14000596","Brigg and Goole",5.6966618287373,0.0321778889352783,-0.013300172564514,530,-2.9794948514533,17.6794546152964
"68","E14000597","Brighton, Kemptown",10.7962213225371,0.0427127271821065,-0.0122497739343883,570,-46.4161617466671,28.6832982693494
"69","E14000598","Brighton, Pavilion",12.2679045092838,0.0268194332767166,-0.017270225498511,580,37.8195687527619,19.7675378680165
"70","E14000599","Bristol East",8.56643356643357,0.0324047788812787,-0.0138260430097511,550,-22.4186502880229,26.2296829639038
"71","E14000600","Bristol North West",10.3276353276353,0.0329219610880916,-0.0122515097576816,540,-42.266736610289,24.476938416509
"72","E14000601","Bristol South",8.74125874125874,0.0368083949217328,-0.0157971528990243,550,-60.8834311415286,32.7553753369335
"73","E14000602","Bristol West",9.94694960212202,0.0321572890866279,-0.0195750737386302,580,12.3694953050244,25.2496308597756
"74","E14000603","Broadland",8.78262362637363,0.0151553312870018,-0.00918601501803638,560,-30.6758658776655,13.7250910783196
"75","E14000604","Bromley and Chislehurst",11.0446985446985,0.0256764791173611,-0.0119484251315889,740,9.08579365624138,17.6732558056687
"76","E14000605","Bromsgrove",8.30419580419581,0.0234138538231348,-0.00779230091515134,660,35.5783683674544,11.0709095490801
"77","E14000606","Broxbourne",10.6670673076923,0.0275463413317361,-0.0133215978520993,640,15.5595080625345,16.6599757009908
"78","E14000607","Broxtowe",5.69672131147541,0.0237859598802891,-0.0126739237440499,610,-14.4186261591081,12.81390196875
"79","E14000608","Buckingham",10.6837606837607,0.011053543224936,-0.00617236632616189,720,35.2979189581864,8.59159368283814
"80","E14000609","Burnley",3.60576923076923,0.0699593506689148,0.0115092517813192,480,-51.6293901948072,36.0501185396031
"81","E14000610","Burton",6.6717032967033,0.0267033079751868,-0.0157192906339167,490,-6.82529986135152,19.9317483413384
"82","E14000611","Bury North",5.3228021978022,0.0461918112547723,-0.00163346646581133,560,-5.19117104047318,21.3320278926208
"83","E14000612","Bury South",6.37464387464387,0.0406562746740281,-0.00725200603421097,540,-18.5763625979838,22.1592508079433
"84","E14000613","Bury St Edmunds",9.61538461538461,0.020087283706517,-0.00437941430915009,540,1.95123717705122,13.1919841483892
"85","E14000614","Calder Valley",5.38793103448276,0.0332662472530696,-0.0126225146261245,580,-52.0550915322745,18.8136683781887
"86","E14000615","Camberwell and Peckham",15.6052963430013,0.0577248112138921,-0.0224955118276251,610,55.6754005033372,32.7748771403131
"87","E14000616","Camborne and Redruth",7.94314381270903,0.0351518265938195,-0.0023506187976545,460,8.88681640678321,27.497716440979
"88","E14000617","Cambridge",12.6201923076923,0.021722272457106,-0.0108287424138897,640,-11.5569465624682,14.2428786167535
"89","E14000618","Cannock Chase",5.98693759071118,0.0282206712155786,-0.0245955368755244,530,-16.0637180833982,20.9313533694099
"90","E14000619","Canterbury",9.77564102564103,0.0291679088757243,-0.0022381896049194,600,10.199034317483,15.6015260869173
"91","E14000620","Carlisle",5.52373158756137,0.032777715069896,-0.00729080480678691,470,-71.2045143226334,23.5306207511139
"92","E14000621","Carshalton and Wallington",11.5995115995116,0.0351834131501441,-0.00542842425896246,630,52.6272430611849,17.9504878991926
"93","E14000622","Castle Point",9.4577553593947,0.0217276948087113,-0.0185180169128088,610,6.56606342875455,16.6318242762248
"94","E14000623","Central Devon",9.97448979591837,0.0160468965397174,-0.00344434321056039,490,16.3098204333078,16.4171414549267
"95","E14000624","Central Suffolk and North Ipswich",8.63754889178618,0.0178761484396025,-0.00677576289521238,590,-5.53551821158482,14.2744356577566
"96","E14000625","Charnwood",8.67269984917044,0.0151525935372328,-0.01303307785658,510,-36.0434264209088,10.4927738626413
"97","E14000626","Chatham and Aylesford",8.01282051282051,0.0351365654911904,-0.0191959352216822,600,-11.0043411468704,22.9177235006727
"98","E14000627","Cheadle",8.83995037220844,0.0174332751916232,-0.00868611840642608,620,68.3089204172179,10.3266449312277
"99","E14000628","Chelmsford",10.0160256410256,0.0230278554150229,-0.0105013270569207,600,49.2620236936395,12.9676476051292
"100","E14000629","Chelsea and Fulham",23.8942307692308,0.0282048260807856,-0.0061431462465199,800,109.200326766413,18.4679683834583
"101","E14000630","Cheltenham",8.37468982630273,0.0238680579059622,-0.0159950797180367,620,-17.5467577677457,15.4940904422254
"102","E14000631","Chesham and Amersham",14.6901709401709,0.0140979291185208,-0.00526183286640878,720,42.6403677737397,6.71885867203133
"103","E14000632","Chesterfield",6.08320251177394,0.0404830478307256,-0.0118936865187163,490,-36.5132630697219,24.881047533344
"104","E14000633","Chichester",11.5069356872636,0.0217651953174642,-0.00624506506623007,610,-22.323703357043,12.7975682153217
"105","E14000634","Chingford and Woodford Green",12.3626373626374,0.027279703127398,-0.0191063465005179,700,97.1234642376429,21.2342803838313
"106","E14000635","Chippenham",9.27180631868132,0.0210608324196957,-0.0100228008846898,560,-5.38014585455476,12.794062846371
"107","E14000636","Chipping Barnet",13.9620653319283,0.0252708992876383,-0.0128776640934524,730,60.8181496604603,15.6944188840976
"108","E14000637","Chorley",5.21512385919166,0.0284875677889162,-0.00386697174964902,590,7.90084250326315,18.321788924152
"109","E14000638","Christchurch",11.6826923076923,0.0196831262817025,-0.00491733533722322,600,-7.36251714031408,11.4700998037933
"110","E14000639","Cities of London and Westminster",25.9291270527226,0.0250997994065596,-0.00980955274280902,890,132.297015419914,22.2068779731218
"111","E14000640","City of Chester",7.08502024291498,0.0336984993136528,-0.00172922514148312,570,-44.9938568641368,18.2325696171405
"112","E14000641","City of Durham",5.2261396011396,0.033307479710733,-0.00497085767584688,540,23.6421029017306,17.3938025514456
"113","E14000642","Clacton",9.20621931260229,0.0661926010061729,-0.00756166087383948,470,-35.2991179137056,33.7643439587306
"114","E14000643","Cleethorpes",5.1510989010989,0.0342593406221375,-0.0154152873119357,560,11.3234424957228,21.62120457531
"115","E14000644","Colchester",8.43454790823212,0.0292277054741814,-0.0138303417825795,570,-9.78423894954199,20.3553233284178
"116","E14000645","Colne Valley",5.63643899204244,0.0335526441383057,-0.0117309379669071,580,40.366663665599,18.5188803944605
"117","E14000646","Congleton",7.59109311740891,0.0198657631011224,-0.00888805322259574,570,22.6618395776225,11.699102662914
"118","E14000647","Copeland",4.10067873303167,0.0352798005256808,-0.00413499018263411,680,-30.2867337318983,24.1395477432184
"119","E14000648","Corby",7.61955732946299,0.0333592591108335,-0.0110292709616248,530,-50.7489498633072,19.9997628597659
"120","E14000649","Coventry North East",6.6324568288854,0.0506146172818035,-0.0407410980598688,490,-27.8263706692828,34.5127188825806
"121","E14000650","Coventry North West",5.96816976127321,0.0356534935963163,-0.0282278060584647,580,-0.43804469348928,23.4568714655731
"122","E14000651","Coventry South",6.35593220338983,0.0374835711381136,-0.0323565716927415,590,24.852057837021,25.8070637840134
"123","E14000652","Crawley",10.1304945054945,0.0285082197195367,-0.015666185763633,560,-32.6426465731788,17.8326783992909
"124","E14000653","Crewe and Nantwich",6.4762443438914,0.0342477724780506,-0.0123318198298171,510,-39.4386035145576,19.6238336168954
"125","E14000654","Croydon Central",10.7808857808858,0.056624726750082,0.00414567337529569,660,-11.1776264903664,25.1531871527389
"126","E14000655","Croydon North",11.6396761133603,0.0680856314855848,-0.00220686430340858,570,13.4367336346388,29.4081647140502
"127","E14000656","Croydon South",11.2820512820513,0.0312522335743604,-0.00313057146891928,750,51.1653471384574,15.1500444714162
"128","E14000657","Dagenham and Rainham",11.3636363636364,0.0458425210614919,-0.024389357605694,550,35.0042757828987,28.6173255059164
"129","E14000658","Darlington",5.02256671899529,0.0631969414458919,-0.000819687358316112,490,28.4612246674104,25.5346657591991
"130","E14000659","Dartford",9.31490384615385,0.0242121323867941,-0.0153032155111601,640,32.9510645791267,17.360404900249
"131","E14000660","Daventry",9.78537087912088,0.0253808068135219,-0.00397629177868868,560,-24.8117893522407,12.5283450507114
"132","E14000661","Denton and Reddish",5.80769230769231,0.0411988428610844,-0.0139544495010535,500,-50.4423101325315,26.7569576787585
"133","E14000662","Derby North",5.24544534412955,0.036849404864157,-0.0156319752166896,570,-38.5476536348912,23.140327228194
"134","E14000663","Derby South",4.72027972027972,0.0610483416820796,-0.0228316700891635,550,-108.471881892936,37.954824455348
"135","E14000664","Derbyshire Dales",8.37468982630273,0.0138592921502347,-0.00622672871686241,620,39.1480756125635,12.2225310088888
"136","E14000665","Devizes",9.79344729344729,0.015952632240109,-0.00511371132153777,540,-64.2486374802758,12.6874695879725
"137","E14000666","Dewsbury",6.08974358974359,0.0443175566174354,-0.00757966934375306,510,-21.2439992886572,24.1011827256713
"138","E14000667","Don Valley",4.98575498575499,0.0372413141203194,-0.0203165639574681,540,-47.7830750259847,25.4400750151364
"139","E14000668","Doncaster Central",5.02354788069074,0.0520775685324114,-0.0258985342387845,490,-33.6240050683659,29.70903798457
"140","E14000669","Doncaster North",4.43786982248521,0.0508485904247493,-0.0236589865528369,520,-62.5384351934419,31.9406960098094
"141","E14000670","Dover",7.72490221642764,0.0498720952794032,0.00401185254470126,590,-1.46599679274769,22.5535087420086
"142","E14000671","Dudley North",5.57692307692308,0.072880394768437,-0.00290398698393587,500,-59.4050485918457,28.754915093997
"143","E14000672","Dudley South",5.91715976331361,0.0567515408961438,-0.0116185132123885,520,-11.5575604450759,24.0352203106816
"144","E14000673","Dulwich and West Norwood",14.1483516483516,0.0448685182257681,-0.0204534791857775,700,63.5688752092242,27.0495677584643
"145","E14000674","Ealing Central and Acton",15.357905982906,0.0386257932185802,-0.0039855617196996,720,69.1573539674935,20.8724337408803
"146","E14000675","Ealing North",13.6897001303781,0.0434034631877125,-0.00983769355529332,590,59.6419846280697,23.5542982317277
"147","E14000676","Ealing, Southall",14.5888594164456,0.04561166934778,-0.0179163835376256,580,75.2930305892503,26.920504097986
"148","E14000677","Easington",3.17896389324961,0.0752836619798242,0.00530259040399403,490,-22.6496610354225,34.7806160250368
"149","E14000678","East Devon",10.8356139053254,0.015151403662111,-0.00492621721845303,520,-2.68856933268274,11.6824853862213
"150","E14000679","East Ham",13.262599469496,0.0391338841525097,-0.0262025907772965,580,100.211027545477,31.7026514159661
"151","E14000680","East Hampshire",11.1834319526627,0.0119716099074467,-0.00886862224502344,650,-2.20952946820247,9.04585757118318
"152","E14000681","East Surrey",11.170814479638,0.0148505635065195,-0.00585803680919006,680,36.3997710525163,11.1129831415675
"153","E14000682","East Worthing and Shoreham",11.3388969521045,0.024996115750409,-0.0123642726771805,530,-31.5980499559619,16.9259491689394
"154","E14000683","East Yorkshire",6.52939042089985,0.033054402471046,-0.0130959390357027,530,-7.10181931884285,20.8303657530151
"155","E14000684","Eastbourne",8.4478021978022,0.0424807654541309,-0.00181520539257823,560,-21.0061215546655,20.4540583241804
"156","E14000685","Eastleigh",9.45241199478488,0.0185831308747806,-0.00740065750639025,590,25.536780455523,11.3200149971946
"157","E14000686","Eddisbury",7.7724358974359,0.0257889459167398,-0.00759901251536162,600,-28.1014346245943,17.1495115359953
"158","E14000687","Edmonton",12.5343406593407,0.0588780044237235,-0.0290335992911936,560,23.6210181347002,35.1984525751655
"159","E14000688","Ellesmere Port and Neston",6.28596523668639,0.0394361140880035,-0.00687923705284604,520,-29.701908949193,21.1918437248082
"160","E14000689","Elmet and Rothwell",7.67543859649123,0.0163848006282495,-0.0134971403136759,570,-32.0549568974293,13.0201030157459
"161","E14000690","Eltham",11.9115958668197,0.032884261424186,-0.0197312524252347,670,58.9365224719788,22.5493810268006
"162","E14000691","Enfield North",11.5685096153846,0.0462708615406978,-0.0183150086144901,640,34.5809758165798,28.0060404618165
"163","E14000692","Enfield, Southgate",16.1477411477411,0.0255084325533852,-0.0196744604082692,630,51.1735155891031,16.4381136910661
"164","E14000693","Epping Forest",12.9735935706085,0.022446983822019,-0.016572241455882,670,17.9279701556711,15.3529788785124
"165","E14000694","Epsom and Ewell",13.5427952329361,0.0116647052395127,-0.00866328320729867,710,84.6778838089495,7.7084757252111
"166","E14000695","Erewash",5.47895500725689,0.0403853675206296,-0.0170931167223844,530,-42.4411062727796,21.7790366425764
"167","E14000696","Erith and Thamesmead",10.6781376518219,0.0417326273580741,-0.0190494861405439,570,0.666590834606946,24.9079003647378
"168","E14000697","Esher and Walton",14.0579357351509,0.0115120951408156,-0.0101842073379703,790,23.8900832040207,7.8333094238077
"169","E14000698","Exeter",8.87573964497041,0.0212404268630082,-0.0160247402584602,520,-8.28081372154245,19.1846413607678
"170","E14000699","Fareham",8.69948107448107,0.0127472369469255,-0.0101454518577024,630,16.4766306906392,8.8668769271394
"171","E14000700","Faversham and Mid Kent",10.5280312907432,0.0238870873511812,-0.00739735648091165,590,-11.8010654298453,17.8154657107365
"172","E14000701","Feltham and Heston",12.4643874643875,0.0481831280907213,0.00169168200378118,540,24.7180629732652,25.1086904105954
"173","E14000702","Filton and Bradley Stoke",8.82007822685789,0.0167123019066314,-0.007789172975644,590,8.53869293602432,11.3317339663184
"174","E14000703","Finchley and Golders Green",15.6075808249721,0.0283020214673353,-0.00802734821770663,690,74.2026659072076,15.9611261675807
"175","E14000704","Folkestone and Hythe",9.43047337278107,0.0420139605869779,-0.00838209672824049,520,-10.4882637870464,22.4079724682766
"176","E14000705","Forest of Dean",8.20029027576197,0.0271973987239968,-0.00757250944365062,530,-37.7779921815467,16.7090788834812
"177","E14000706","Fylde",6.37339743589744,0.0260119877434055,0.00264655562763277,600,13.3201180221228,14.1965206660209
"178","E14000707","Gainsborough",6.11888111888112,0.0376533155506081,-0.00335511257664187,550,7.04892024340715,19.2931086594774
"179","E14000708","Garston and Halewood",6.14697802197802,0.0519228154747726,-0.0244444733835745,560,-42.1462059705331,33.7462742630794
"180","E14000709","Gateshead",5.09615384615385,0.071609181556137,-0.00290498996635549,500,10.4819476928042,32.6273335991103
"181","E14000710","Gedling",5.92376373626374,0.0306756357064452,-0.0115385448313526,560,-14.1746738049465,16.093985512706
"182","E14000711","Gillingham and Rainham",8.56643356643357,0.0378233793255257,-0.010080125923674,550,26.8184651195983,20.9678732973297
"183","E14000712","Gloucester",7.30576923076923,0.035847867457847,-0.0138015054224766,500,-32.0486631062703,23.3743116364564
"184","E14000713","Gosport",7.62237762237762,0.0221375468491978,-0.00996527275208986,550,-36.1006255901327,18.4105937858548
"185","E14000714","Grantham and Stamford",8.41346153846154,0.0307344701776752,-0.00643762435200156,480,-2.50333671665115,15.3182385946612
"186","E14000715","Gravesham",9.78100132625995,0.0423022388904569,-0.00866845772451054,580,-29.9794882778606,21.6840298158888
"187","E14000716","Great Grimsby",4.91452991452991,0.0721155566446503,-0.0262146385050193,450,-41.4605709260876,37.4594450252303
"188","E14000717","Great Yarmouth",6.93108974358974,0.0620551191549464,-0.00894574899279682,480,-16.7536115650386,32.3691124013529
"189","E14000718","Greenwich and Woolwich",13.4902411021814,0.0391530549335673,-0.0200793813166648,670,59.0988795894847,26.5920656560864
"190","E14000719","Guildford",12.0841995841996,0.0115587085261345,-0.0138520581897859,740,5.99861027114004,8.97570083097332
"191","E14000720","Hackney North and Stoke Newington",15.2104236343367,0.0442674030429667,-0.0279083898884949,690,73.7020814383478,33.0776618798358
"192","E14000721","Hackney South and Shoreditch",16.7887667887668,0.0456711319615529,-0.0363078821792728,630,91.8062105962789,37.663249675794
"193","E14000722","Halesowen and Rowley Regis",6.59879336349925,0.0488070248550914,-0.0188415067016056,510,-8.16694187515061,23.3952959647353
"194","E14000723","Halifax",4.69230769230769,0.0606269657207869,-0.014122856157079,500,13.3091643851307,30.5548156221617
"195","E14000724","Haltemprice and Howden",6.51890482398957,0.0157781334015573,-0.012031000121731,590,33.2576987475861,8.72657220243144
"196","E14000725","Halton",4.63598901098901,0.0549963187820741,-0.014403442015946,560,-17.9904829465552,31.5885281075052
"197","E14000726","Hammersmith",19.0576923076923,0.0526951242144839,-0.00166761979651316,740,60.5160991744123,27.6254296663971
"198","E14000727","Hampstead and Kilburn",18.9185814185814,0.0270044360315942,-0.0212001149281799,770,81.266838168326,21.2624990917279
"199","E14000728","Harborough",7.82268578878748,0.0174677869212973,-0.0129831724865647,590,-25.7598405080556,11.1661532549909
"200","E14000729","Harlow",10.1495726495726,0.0404979062078986,-0.0154663858585952,540,5.13994530989591,22.2790454359746
"201","E14000730","Harrogate and Knaresborough",8.36538461538461,0.0192830990443603,-0.00722389907201678,600,25.1193391897419,9.98539126207872
"202","E14000731","Harrow East",15.0240384615385,0.023327315185069,-0.0149867140581119,640,51.9720000860157,15.3795954571729
"203","E14000732","Harrow West",12.263099219621,0.0275524041001761,-0.0124699235339291,690,55.4397401325099,14.814034885486
"204","E14000733","Hartlepool",4.71153846153846,0.0833786633400491,-0.00692850105924203,510,6.4030990341841,33.1778685357445
"205","E14000734","Harwich and North Essex",8.65384615384615,0.0262184286486756,-0.00560743035313507,600,17.5398096937263,16.0162433435586
"206","E14000735","Hastings and Rye",9.2817896389325,0.0551427736725672,-0.0148272798286938,490,-64.9484963888432,31.0865508843839
"207","E14000736","Havant",8.7719298245614,0.0298081155912514,-0.013764236382158,570,-56.46021280535,23.1993482289594
"208","E14000737","Hayes and Harlington",12.9368881118881,0.0340984571202274,-0.0264611727544177,550,-5.96406273034112,25.0066884228041
"209","E14000738","Hazel Grove",7.54892037786775,0.0256755647058564,-0.0122343144534627,570,-23.1080673496889,16.79959491628
"210","E14000739","Hemel Hempstead",10.5311355311355,0.022763647825611,-0.0188660506110554,630,-27.3409351545193,15.0088971173801
"211","E14000740","Hemsworth",5.38461538461539,0.0356051941334389,-0.0194747195019704,500,-92.2315932218455,28.4808459166312
"212","E14000741","Hendon",14.4230769230769,0.0331056972571779,-0.0117371969414847,640,67.7672651972101,21.5323755467842
"213","E14000742","Henley",11.8927125506073,0.0118051134533453,-0.00438904371539723,760,-7.20888683413966,8.02148371192829
"214","E14000743","Hereford and South Herefordshire",8.41346153846154,0.0233465560847954,-0.0107566628774984,480,-16.7077096822828,20.0461004001344
"215","E14000744","Hertford and Stortford",11.1834319526627,0.0145246970046944,-0.00961973985578487,650,63.6836992134553,8.0642416091275
"216","E14000745","Hertsmere",13.5216346153846,0.0244814898623189,-0.0105167530679326,640,-9.00736506603728,12.912754771125
"217","E14000746","Hexham",7.49674054758801,0.0162380715236306,-0.00998563976362672,590,42.9554918637888,12.6355932668329
"218","E14000747","Heywood and Middleton",5.29827315541601,0.0512930295469505,-0.011473535949057,490,-27.5405899545264,29.5189881958599
"219","E14000748","High Peak",6.64160839160839,0.0229795756666092,-0.01570457152723,550,-21.8203269965687,16.0907342566782
"220","E14000749","Hitchin and Harpenden",10.9849605522682,0.0151253007029697,-0.0100687612908807,780,63.3633646441352,7.9288957286057
"221","E14000750","Holborn and St Pancras",20.9030100334448,0.035576780007605,-0.0252514347136485,690,38.3505889340673,28.6624303453042
"222","E14000751","Hornchurch and Upminster",11.2179487179487,0.0277841346631395,-0.0177170093771997,660,14.0798255478032,17.3853339995559
"223","E14000752","Hornsey and Wood Green",14.1025641025641,0.0301044556113532,-0.024112484127194,750,89.1323680418167,22.3543466139537
"224","E14000753","Horsham",10.6193438914027,0.0128756706918168,-0.0114241264888676,680,-9.53405517762833,9.3508931576076
"225","E14000754","Houghton and Sunderland South",4.87713675213675,0.061588366938266,-0.00237185057241721,540,32.3167859316827,29.5702171197105
"226","E14000755","Hove",11.604774535809,0.0314676908460307,-0.0109071758293158,580,16.6137420494449,21.0988255288067
"227","E14000756","Huddersfield",5,0.0599374703456869,-0.0174978514449585,500,32.2303963527576,28.8851750241675
"228","E14000757","Huntingdon",8.54700854700855,0.016340288685421,-0.0140922076490629,630,-41.4281840698566,11.9636200574586
"229","E14000758","Hyndburn",4.18060200668896,0.0576397555402566,0.0103079701640142,460,16.0815076703325,31.225077832009
"230","E14000759","Ilford North",13.5216346153846,0.0249901164708294,-0.0217057585403224,640,61.0108302793586,18.557345984164
"231","E14000760","Ilford South",12.452711223203,0.0407177154999807,-0.0263576646339362,610,68.0025930017934,24.3867143874116
"232","E14000761","Ipswich",7.45682888540031,0.0438195320800374,-0.0122497981145264,490,-46.2360494525712,26.6006795446706
"233","E14000762","Isle of Wight",8.21314102564103,0.0329289942334435,-0.0158909892475612,480,-23.6631248460099,23.0865603855934
"234","E14000763","Islington North",13.5897435897436,0.043164413646416,-0.0322174626480534,750,49.0475728635802,33.2835149622963
"235","E14000764","Islington South and Finsbury",16.5004748338082,0.0373948638226956,-0.0249178317048025,810,81.1904218528554,31.7880261869056
"236","E14000765","Jarrow",5.95735785953177,0.0599656305425384,-0.0150840180466829,460,-7.24017894152521,26.8448275912426
"237","E14000766","Keighley",5.89387464387464,0.0391406323745335,-0.00759055556012673,540,-20.616525998322,23.8918931366988
"238","E14000767","Kenilworth and Southam",8.60197368421053,0.0123894696782775,-0.00691411912776152,760,40.1642845486464,9.02757029828696
"239","E14000768","Kensington",36.2137862137862,0.0294014949447837,-0.0165760948925728,770,95.191915745962,25.0806338227212
"240","E14000769","Kettering",7.3005698005698,0.033488208640508,-0.00914613611826105,540,-36.0689523238943,18.9269307683386
"241","E14000770","Kingston and Surbiton",12.5677139761647,0.0229258785884974,-0.00506871792500383,710,44.1283564301908,12.336944187974
"242","E14000771","Kingston upon Hull East",4.72408026755853,0.0611586260934739,-0.0407892750427693,460,-43.0764204046872,39.2411034078586
"243","E14000772","Kingston upon Hull North",5.11456628477905,0.065156676793245,-0.0462741014160198,470,17.2671149322044,39.9791404117487
"244","E14000773","Kingston upon Hull West and Hessle",4.78723404255319,0.0703900695230855,-0.0430359070413127,470,-0.374863594135505,39.771013357163
"245","E14000774","Kingswood",9.53996983408748,0.0169263817391007,-0.0121598552611347,510,-25.9924376858942,12.4226339961049
"246","E14000775","Knowsley",5,0.0695599118232573,-0.0217507873525621,500,-55.0594071637544,44.8365665362793
"247","E14000776","Lancaster and Fleetwood",5.38822568940493,0.0362333246971282,0.00120469574807699,530,10.6706551356696,22.4901682911726
"248","E14000777","Leeds Central",5.03273322422259,0.0677471085987082,-0.0455999283608987,470,-75.194334640272,43.4269249579477
"249","E14000778","Leeds East",6.27943485086342,0.0693748917896507,-0.029871266579043,490,-67.733976633611,41.4719357852449
"250","E14000779","Leeds North East",7.36177884615385,0.03387162443674,-0.0232192439868537,640,1.92004959405466,19.6807867221199
"251","E14000780","Leeds North West",7.13399503722084,0.0212763708675577,-0.020723689692024,620,11.9904413466078,15.0845252249795
"252","E14000781","Leeds West",5.49450549450549,0.0565798085885425,-0.0302529175920043,490,-45.2944076059357,36.3507871310712
"253","E14000782","Leicester East",8.6996336996337,0.0365423596326949,-0.038363056355844,420,-45.5763394935995,29.3888817513845
"254","E14000783","Leicester South",7.5248745819398,0.0480303185953981,-0.0379658070584825,460,-11.3075717653177,31.2095674115658
"255","E14000784","Leicester West",6.51223776223776,0.0519689359750437,-0.0355896164842452,440,-76.5183577575797,39.1901612934845
"256","E14000785","Leigh",5.47318786982249,0.049862884300367,-0.00394869214969566,520,-55.0735948837819,24.834869404326
"257","E14000786","Lewes",10.7561929595828,0.0238144888359848,-0.00771888546928415,590,6.65084770189916,14.2184548746644
"258","E14000787","Lewisham East",12.452711223203,0.0442919869655986,-0.0163816614879981,610,19.4549632370584,28.0567841545299
"259","E14000788","Lewisham West and Penge",11.4269788182832,0.0434026522676227,-0.0173108442933184,690,10.6018505184487,26.4400144365578
"260","E14000789","Lewisham, Deptford",12.4138920780712,0.0450823795200137,-0.0229548323666504,670,18.2517541062769,28.9936533657213
"261","E14000790","Leyton and Wanstead",14.3620268620269,0.0321972421860143,-0.0294330140752458,630,76.149390928798,26.9913606645584
"262","E14000791","Lichfield",7.17455621301775,0.0223076078016015,-0.00965812089918596,650,43.0833857463538,12.1926865527871
"263","E14000792","Lincoln",6.58119658119658,0.0454491183291578,-0.0150121231467049,450,-49.4450179853989,26.2987417221011
"264","E14000793","Liverpool, Riverside",4.54370629370629,0.0529078503344105,-0.0305330893272913,550,-46.1045525780954,38.3413129503809
"265","E14000794","Liverpool, Walton",2.96474358974359,0.0871654278140311,-0.0312060348271991,480,-66.6928813604887,52.303778049457
"266","E14000795","Liverpool, Wavertree",4.89510489510489,0.063650170978052,-0.0239550236189347,550,6.84129876773607,36.6907077865633
"267","E14000796","Liverpool, West Derby",4.71342383107089,0.0630737312608564,-0.0284773320951827,510,-38.4901704807262,42.8983580084785
"268","E14000797","Loughborough",6.35416666666667,0.025061181669136,-0.0122758785423262,600,-37.715030061335,15.3242224558411
"269","E14000798","Louth and Horncastle",6.67189952904239,0.0349260243434017,-0.00241184940715285,490,3.9093668837136,25.8517888242334
"270","E14000799","Ludlow",7.49674054758801,0.0222663942885577,-0.00449621886762368,590,-30.6386862760953,17.5185688152082
"271","E14000800","Luton North",9.05594405594406,0.032263914439373,-0.0239001146246265,550,25.2009133973912,24.582958008988
"272","E14000801","Luton South",8.57583454281568,0.0414083176714315,-0.0254370287334662,530,33.5029580295619,29.4947419305942
"273","E14000802","Macclesfield",7.54177175283733,0.0227150818643534,-0.00625315180456102,610,22.2013100733991,12.3144402874928
"274","E14000803","Maidenhead",11.5384615384615,0.0156649183639577,-0.0097711298304648,750,13.699167559339,7.77820268387046
"275","E14000804","Maidstone and The Weald",9.77835723598436,0.0229411076310792,-0.00644549941573737,590,15.5123724821982,14.3824467504908
"276","E14000805","Makerfield",4.58447802197802,0.0381407714588186,-0.0107432716705246,560,0.69528531384072,20.8827693608115
"277","E14000806","Maldon",10.2163461538462,0.0164236020617838,-0.0130590526992723,640,65.5000663105982,13.3571724110814
"278","E14000807","Manchester Central",7.01121794871795,0.0627277630043462,-0.0225120382763744,480,-9.25707290512262,45.0679455902954
"279","E14000808","Manchester, Gorton",6.00961538461539,0.0789904129209017,-0.00810371462998244,480,-17.8701952675272,39.5884577986455
"280","E14000809","Manchester, Withington",8.80566801619433,0.0377177529804711,-0.00734673634629264,570,28.466720299242,25.637146615861
"281","E14000810","Mansfield",5.83311965811966,0.038707994104678,-0.0134312056701574,450,-75.3341410287177,27.763874151446
"282","E14000811","Meon Valley",8.90837104072398,0.0150366435951563,-0.00794509338723581,680,-15.8957134997584,10.2804684930292
"283","E14000812","Meriden",9.50611888111888,0.049275608536744,-0.0141289045052118,550,6.21456231150789,22.3688123259597
"284","E14000813","Mid Bedfordshire",10.4035308953342,0.0142569023231008,-0.00778108085464472,610,-13.5671887630003,8.57184105895378
"285","E14000814","Mid Derbyshire",5.91715976331361,0.0167020537424966,-0.0133084952740385,650,6.65308592416932,10.842813799577
"286","E14000815","Mid Dorset and North Poole",10.6275303643725,0.0164109091563815,-0.0057119476208524,570,15.6833576914599,9.81754810315667
"287","E14000816","Mid Norfolk",8.61686390532544,0.0196157087858705,-0.0132499571467885,520,-47.2463148566917,16.5502659088175
"288","E14000817","Mid Sussex",10.5769230769231,0.0121963076925678,-0.00813344132043293,640,-21.0978864735471,7.57733741837709
"289","E14000818","Mid Worcestershire",9.10027472527472,0.020516451993512,-0.0127440867638789,560,-74.9261492671758,16.7402886386249
"290","E14000819","Middlesbrough",4.91927549194991,0.100832307361055,-0.0240446720924291,430,-31.2266708001115,45.5434769667804
"291","E14000820","Middlesbrough South and East Cleveland",5.32979082321188,0.0464445333779299,-0.0256952007027833,570,12.4410334249714,27.0477895106103
"292","E14000821","Milton Keynes North",9.28943937418514,0.0249754205347178,-0.0262398941775123,590,16.3090528774513,16.8889797292394
"293","E14000822","Milton Keynes South",9.51417004048583,0.027462300161686,-0.0231063942838361,570,19.9386791717432,19.1344789581038
"294","E14000823","Mitcham and Morden",12.7118644067797,0.0437689762944218,-0.00739625678882611,590,-13.399587704282,20.8834371875627
"295","E14000824","Mole Valley",13.6782231852654,0.0111003281395493,-0.00747567054169382,710,25.1099862459884,9.03221548396596
"296","E14000825","Morecambe and Lunesdale",5.72998430141287,0.0514714070609581,0.00865889401501346,490,-39.7653355107907,27.332908557724
"297","E14000826","Morley and Outwood",5.70404172099087,0.0205402371744161,-0.0194142717759138,590,-11.3488122441141,17.6755782138823
"298","E14000827","New Forest East",9.92359203296703,0.0160667481407932,-0.00923303309774419,560,-52.2885708323085,13.2834476824898
"299","E14000828","New Forest West",11.1916771752837,0.0169885042645844,-0.00567939723392137,610,14.3304337547655,11.5117804260055
"300","E14000829","Newark",7.47863247863248,0.0250212763717385,-0.0038573773048818,540,-56.3877816017749,15.9361163747035
"301","E14000830","Newbury",9.61538461538461,0.0165448537282504,-0.00820023713941228,670,-8.42296751660644,10.950971259377
"302","E14000831","Newcastle upon Tyne Central",5.30759615384615,0.0851051148292053,-0.000846397921625552,500,1.54140263023233,35.2456811920862
"303","E14000832","Newcastle upon Tyne East",5.39811066126856,0.0614475531868638,-0.00583778713897591,570,37.3390197180969,26.7313736949416
"304","E14000833","Newcastle upon Tyne North",6.30332977207977,0.0489170812230735,2.16909314443639e-05,540,32.469138607548,22.427334595378
"305","E14000834","Newcastle-under-Lyme",5.27714932126697,0.0301240703070537,-0.0176056423468186,510,16.6322952140377,19.1306988874521
"306","E14000835","Newton Abbot",9.67548076923077,0.0211178387229902,-0.00617756348456818,480,-10.8081499767834,17.4034601418373
"307","E14000836","Normanton, Pontefract and Castleford",5.53836538461538,0.0413471059942989,-0.0152060076225801,500,-54.8407087529756,29.7589268124471
"308","E14000837","North Cornwall",9.81996726677578,0.0288594010206008,0.00101832158591604,470,-32.1410581330711,24.1619111216408
"309","E14000838","North Devon",10.6440071556351,0.0215277003119214,-0.00131990358199878,430,-27.5797572287464,20.6815579826739
"310","E14000839","North Dorset",10.4474852071006,0.0153389257265722,-0.00101125395764613,520,-31.4483695534366,12.8678053453734
"311","E14000840","North Durham",4.53846153846154,0.0531789250374406,-0.00274045227025145,500,-4.95007783579377,24.9062761002249
"312","E14000841","North East Bedfordshire",9.61538461538461,0.0196301372648768,-0.00936431662300993,640,19.1482843097663,11.0371763266467
"313","E14000842","North East Cambridgeshire",7.30769230769231,0.0273039760355588,-0.0163943011068756,500,-65.6189059185579,23.7666806534443
"314","E14000843","North East Derbyshire",6.2753036437247,0.0258675284448197,-0.0150250392854416,570,-35.9079409365732,17.0674158694984
"315","E14000844","North East Hampshire",11.1482720178372,0.00810754658203868,-0.00798083215062222,690,44.7747825709522,5.26835516486678
"316","E14000845","North East Hertfordshire",9.75274725274725,0.0181411269139847,-0.0104067351990926,700,3.06178915335168,11.9178833453017
"317","E14000846","North East Somerset",10.1304945054945,0.0211686207744127,-0.00140935770361314,560,-31.0317199237281,10.9748777343035
"318","E14000847","North Herefordshire",10.4003139717425,0.0181351287559521,-0.00660121334309152,490,-51.8305974819946,19.3865256414692
"319","E14000848","North Norfolk",10.0160256410256,0.0187148526297877,-0.0211419508166166,480,-13.7837755075597,21.0730745879593
"320","E14000849","North Shropshire",7.22060957910015,0.0264256210436681,-0.010122836456056,530,-25.2796894832023,17.6757258629745
"321","E14000850","North Somerset",9.61538461538461,0.0129037261509778,-0.00530995837396095,660,28.0365341437965,8.65356976474269
"322","E14000851","North Swindon",7.79177718832891,0.0277777123332814,-0.0114384029211422,580,12.0265035969782,16.6523463167664
"323","E14000852","North Thanet",9.80029585798817,0.0545637545223318,-0.000564408126811737,520,-36.3139436913638,26.9442820333967
"324","E14000853","North Tyneside",5.57692307692308,0.0540547361415888,-0.01094838995386,500,4.70491744165281,25.3324660362127
"325","E14000854","North Warwickshire",6.58831908831909,0.0298763099652674,-0.0149332674533231,540,-31.4795424255894,18.667381156673
"326","E14000855","North West Cambridgeshire",7.8011611030479,0.0241290733710406,-0.012278199355769,530,-26.4536679863275,16.7229676818736
"327","E14000856","North West Durham",4.25295857988166,0.0444722844533911,-0.00303371654352044,520,36.7745188600222,22.2605805870935
"328","E14000857","North West Hampshire",8.37444258639911,0.0173166027144211,-0.00527165683182492,690,6.71904148768435,10.6553861970724
"329","E14000858","North West Leicestershire",6.96286472148541,0.0207447533771511,-0.0114044220476046,580,-11.5149609021954,14.9015413644196
"330","E14000859","North West Norfolk",8.41346153846154,0.0260255644738547,-0.0175046218864833,480,-38.5754712112299,24.6076011808798
"331","E14000860","North Wiltshire",9.30012610340479,0.0154147207038305,-0.0099810152509831,610,25.5850924782402,11.6592424384787
"332","E14000861","Northampton North",7.12250712250712,0.0380290396344062,-0.0175791766502093,540,-66.1590027489107,25.0244732511234
"333","E14000862","Northampton South",6.91568047337278,0.0394651605315254,-0.0278326700224463,520,-27.2727679469161,28.7026425035472
"334","E14000863","Norwich North",7.96153846153846,0.0309417415593902,-0.0186987787455273,500,-15.5652883716937,21.0792571066656
"335","E14000864","Norwich South",8.41346153846154,0.0359350839989732,-0.0258702651630761,480,-38.0659830169012,25.6240024593593
"336","E14000865","Nottingham East",5.24839743589744,0.0688523166207021,-0.0231472680220864,480,-40.4780997396426,38.9024306365354
"337","E14000866","Nottingham North",5.21367521367521,0.0777641446536008,-0.0289128799888394,450,-97.4294833153462,46.415294291207
"338","E14000867","Nottingham South",6.83760683760684,0.0422718805357016,-0.0223126818141699,450,-24.3114972000907,26.8932425828657
"339","E14000868","Nuneaton",6.48148148148148,0.0415824930654582,-0.0148443558590514,540,-40.1336675414232,23.3871091402952
"340","E14000869","Old Bexley and Sidcup",9.87881981032666,0.0141384229557573,-0.0153930441344715,730,80.4259966669299,11.3774412956395
"341","E14000870","Oldham East and Saddleworth",5.09049773755656,0.0636295188755499,0.00110060563141949,510,-23.9092691276673,28.7798671013924
"342","E14000871","Oldham West and Royton",5.21367521367521,0.0716738497574528,-0.00141701287544216,450,-15.8326994811033,32.8592948084055
"343","E14000872","Orpington",11.8131868131868,0.018868264039303,-0.0113839446761347,700,56.0255240310121,13.3459503489777
"344","E14000873","Oxford East",11.6645649432535,0.0299985188164249,-0.0121742405800832,610,-43.1668305626648,19.9959932841164
"345","E14000874","Oxford West and Abingdon",11.7245657568238,0.0142141746937667,-0.00593615411529033,620,-16.2782755761454,9.10887439536241
"346","E14000875","Pendle",3.80986937590711,0.0425957169956966,-0.00330883257677681,530,23.1979880575154,29.6200758483702
"347","E14000876","Penistone and Stocksbridge",5.73590848806366,0.0206561620776526,-0.0157576325984195,580,34.3045873775763,15.9632704342309
"348","E14000877","Penrith and The Border",7.12250712250712,0.0160527507283,-0.00115790005383778,540,-18.6726053447429,16.4469177239148
"349","E14000878","Peterborough",7.31594899665552,0.0501880034837846,-0.0177459207594405,460,-38.3316398281676,31.6002513289536
"350","E14000879","Plymouth, Moor View",6.16515837104072,0.0397311595892184,-0.0114186767338933,510,-23.3969658963447,30.1420678697699
"351","E14000880","Plymouth, Sutton and Devonport",6.31868131868132,0.0587966460304245,-0.00336872628574938,490,23.0457765598039,31.072219812068
"352","E14000881","Poole",9.79020979020979,0.0277193244352624,-0.0035808119794163,550,10.2508116989468,15.7283205450952
"353","E14000882","Poplar and Limehouse",12.3466735966736,0.04498625837415,-0.0330396407808712,740,79.6259994649834,33.9143983181676
"354","E14000883","Portsmouth North",8.65384615384615,0.028015831672316,-0.0169085013984929,500,-43.5082680546432,24.0093437401258
"355","E14000884","Portsmouth South",7.73001508295626,0.0402229106534042,-0.018375225535477,510,-52.5940609552074,29.8058878651064
"356","E14000885","Preston",4.43618881118881,0.0631548280571774,-0.00499446530963837,440,-2.17355295925098,35.5747785057871
"357","E14000886","Pudsey",6.30517023959647,0.01953322625783,-0.0146176927193971,610,13.2281968519739,14.108082967351
"358","E14000887","Putney",14.1108891108891,0.0230749667907148,-0.00927520521407393,770,99.1812409292327,16.9654017054397
"359","E14000888","Rayleigh and Wickford",9.33257918552036,0.0165484165945133,-0.00911526763533169,680,52.1686277893319,10.2462403407642
"360","E14000889","Reading East",9.82248520710059,0.0243852354711585,-0.013436781744012,650,32.3625192375666,14.6346754316576
"361","E14000890","Reading West",10.1694915254237,0.0335043731074902,-0.0124961977525184,590,-39.0267934082966,18.1649532908496
"362","E14000891","Redcar",5.43269230769231,0.0619905034731091,-0.0295778652503603,460,-0.484327213953254,30.3570593978376
"363","E14000892","Redditch",8.5536858974359,0.034083684725906,-0.0170102611533144,480,-23.0899135311608,20.5723675340134
"364","E14000893","Reigate",11.7364253393665,0.0143575934495322,-0.0105566340790545,680,31.3106305520012,10.2806678883897
"365","E14000894","Ribble Valley",6.30904183535762,0.0165678223264828,-0.00358139481449279,570,41.5342988553735,11.4302573812383
"366","E14000895","Richmond (Yorks)",7.51748251748252,0.0168825660908501,-0.00580082236259874,550,-22.1036042739861,12.9116622946621
"367","E14000896","Richmond Park",15.1879370629371,0.0180385790385528,-0.0029654804502311,880,43.2559548930793,9.22423905726739
"368","E14000897","Rochdale",5.31894435351882,0.0717529885975078,-0.0130833037023429,470,-4.35508409909936,37.6741026333808
"369","E14000898","Rochester and Strood",7.95595533498759,0.0340252857802142,-0.0115185041258827,620,20.0025898404086,19.6809275498241
"370","E14000899","Rochford and Southend East",8.13366960907945,0.0582011315816527,-0.00933529874206111,610,13.2220428529884,29.7717437363942
"371","E14000900","Romford",9.75274725274725,0.0289838084412499,-0.0142954316234182,700,21.6548079178822,17.2933481545346
"372","E14000901","Romsey and Southampton North",10.6810897435897,0.0161508005273846,-0.00753031693345184,600,50.369361807887,12.2826087410484
"373","E14000902","Rossendale and Darwen",5.20015698587127,0.041446724460292,0.00255385170356769,490,-17.2734119314756,23.695810346788
"374","E14000903","Rother Valley",5.48951048951049,0.0327307385651786,-0.0201016783538422,550,19.8744596871677,20.7837353817445
"375","E14000904","Rotherham",5.01672240802676,0.0625998401629196,-0.0232074989743003,460,-17.5027939692143,38.3539069898407
"376","E14000905","Rugby",7.25094577553594,0.0292279017340547,-0.0119886854086123,610,-7.77230724678646,13.5208068749358
"377","E14000906","Ruislip, Northwood and Pinner",14.8158179848321,0.0166986930423516,-0.00933458736442487,710,53.739427764783,9.86596773377732
"378","E14000907","Runnymede and Weybridge",11.6360089186176,0.0122874367995003,-0.00952088870945541,690,42.6653988539599,9.90934612306298
"379","E14000908","Rushcliffe",7.87606052036199,0.0158574309469929,-0.00880537156699727,680,53.8980227148595,7.6328372044229
"380","E14000909","Rutland and Melton",8.79898403483309,0.0191224991922198,-0.00427422603196984,530,-2.75041382854297,11.260522141988
"381","E14000910","Saffron Walden",12.3543123543124,0.0133489255631413,-0.0092100078556011,660,15.1063826465014,10.4029620426154
"382","E14000911","Salford and Eccles",6.27943485086342,0.050196592960134,-0.0141227377737207,490,-45.7472361529842,33.0999647458129
"383","E14000912","Salisbury",9.61538461538461,0.0208466358373884,-0.0015489501609563,580,-46.8861395294738,13.4636532955382
"384","E14000913","Scarborough and Whitby",6.35016025641026,0.0325189346088531,-0.0236476066091033,480,-53.4763042891004,25.3979604170094
"385","E14000914","Scunthorpe",5.00801282051282,0.0527955519748396,-0.0206594388732878,480,-31.8290011365965,25.9461445642248
"386","E14000915","Sedgefield",4.45804195804196,0.0522877331960911,0.00361648712367186,550,44.9186393572994,25.3482764828366
"387","E14000916","Sefton Central",5.97956730769231,0.0211183527016883,-0.0162711288381705,640,35.6883795150804,13.3944779423966
"388","E14000917","Selby and Ainsty",7.17076271186441,0.0175849295603766,-0.0168967259069701,590,15.5056635020309,12.4317558521179
"389","E14000918","Sevenoaks",13.3620689655172,0.0155473651212174,-0.0082434731666932,580,27.186852473424,11.2944269953547
"390","E14000919","Sheffield Central",5.11555330634278,0.0351515598172372,-0.0297352112918032,570,0.0915026895165028,27.9359477311938
"391","E14000920","Sheffield South East",5.2790346907994,0.0375880372006894,-0.0220961036129525,510,-50.0176814529222,27.4434499894269
"392","E14000921","Sheffield, Brightside and Hillsborough",5.01672240802676,0.0611624579408468,-0.0415353036767616,460,-72.7117426091167,44.1112421421212
"393","E14000922","Sheffield, Hallam",8.71394230769231,0.012516906689248,-0.0120460528764659,640,51.1211687160282,7.70220587514729
"394","E14000923","Sheffield, Heeley",5.62409288824383,0.0470711097000574,-0.0241460190111662,530,-40.2632789144785,31.8761278478261
"395","E14000924","Sherwood",5.83916083916084,0.0292801201903697,-0.0117002358827172,550,-39.8678367709727,20.1944464929479
"396","E14000925","Shipley",6.45863570391872,0.0292532723488154,-0.0103762523198218,530,-27.5934285095259,17.3820651762031
"397","E14000926","Shrewsbury and Atcham",7.49912587412587,0.0248004065835588,-0.00782573016029213,550,-21.7208165705126,15.7205123874313
"398","E14000927","Sittingbourne and Sheppey",7.69230769230769,0.0467690239262329,-0.00531158451356957,600,14.1043413975666,27.1955283595073
"399","E14000928","Skipton and Ripon",8.74038461538461,0.0153316228630075,-0.00711390652825608,500,-8.22150590179552,12.0679999296419
"400","E14000929","Sleaford and North Hykeham",6.66329284750337,0.0194021620345159,-0.007040880202724,570,60.3845823608902,11.9822269849609
"401","E14000930","Slough",10.1592055485498,0.0336335183133246,-0.0132064975567932,610,38.2409570629194,22.835055803736
"402","E14000931","Solihull",7.52747252747253,0.0206495199974379,-0.0126368125014055,700,62.642960752365,11.5745253578711
"403","E14000932","Somerton and Frome",9.44368131868132,0.0245621225924484,0.00158348524841179,560,-21.6146502246763,15.8330820165465
"404","E14000933","South Basildon and East Thurrock",9.44368131868132,0.0376630776660448,-0.0156357984668204,560,-39.4935698287712,24.3398195756543
"405","E14000934","South Cambridgeshire",9.74697049525817,0.01030183527591,-0.00626286333485483,730,19.6269553638188,7.85982684929542
"406","E14000935","South Derbyshire",6.73076923076923,0.0194977130602434,-0.0124748038929324,600,-42.061540537402,13.6764687193301
"407","E14000936","South Dorset",9.04977375565611,0.0287748428046915,-0.00362279649672417,510,-112.201992286576,20.8314053905692
"408","E14000937","South East Cambridgeshire",9.32400932400932,0.011950205015584,-0.00996518821869841,660,-25.5784334100591,10.1218263607853
"409","E14000938","South East Cornwall",7.59615384615385,0.0289951098475826,0.00102516115004112,500,-30.4396787979294,21.5822140291021
"410","E14000939","South Holland and The Deepings",7.088895173454,0.0245434275424025,-0.0131886970245167,510,37.3382717699569,17.3854767271907
"411","E14000940","South Leicestershire",7.21153846153846,0.0166796840141248,-0.00965159141183179,600,11.2026695146653,9.79714924855606
"412","E14000941","South Norfolk",8.3114406779661,0.0176789538164147,-0.00801725736180951,590,3.13879363010736,13.3738148778023
"413","E14000942","South Northamptonshire",9.61375488917862,0.0116160900475035,-0.00912065552902869,590,20.0989123601222,8.35643929973222
"414","E14000943","South Ribble",5.90418353576248,0.0224078693428543,-0.00384531969186939,570,-6.50223631874418,13.1778776545565
"415","E14000944","South Shields",5.10204081632653,0.0896112184236482,-0.00321199960644447,490,31.6334579265805,32.5441018247219
"416","E14000945","South Staffordshire",6.84485006518905,0.0232626692050714,-0.0136202557313166,590,12.3504110628838,12.5811995318332
"417","E14000946","South Suffolk",9.2092175066313,0.0207650124551026,-0.00610027090508294,580,-24.7619369919356,15.0707589680002
"418","E14000947","South Swindon",7.65779532967033,0.031211623662978,-0.0161567279921572,560,6.87599063709469,19.1282710978342
"419","E14000948","South Thanet",8.90295584045584,0.0636091728364358,-0.000909121595366172,540,-21.2768059892641,28.8116970807428
"420","E14000949","South West Bedfordshire",9.1264667535854,0.0172127237209692,-0.0238094535341656,590,-50.2873469914448,16.4347641053713
"421","E14000950","South West Devon",7.62582891246684,0.0151413928294102,-0.00383795209231822,580,42.1815627524043,11.3492990037695
"422","E14000951","South West Hertfordshire",13.1717597471022,0.0157249857020039,-0.00850885793962031,730,60.6762922648997,8.12001577075807
"423","E14000952","South West Norfolk",7.82174556213018,0.022077249672935,-0.0172755675033597,520,-62.2070909835053,22.1253791646846
"424","E14000953","South West Surrey",12.8995124593716,0.0107077298932943,-0.0101311958725535,710,30.2857457808262,7.13185740380991
"425","E14000954","South West Wiltshire",8.69082840236686,0.0236516714856528,-0.00884967755904537,520,-40.5205780726459,16.5711440612481
"426","E14000955","Southampton, Itchen",7.90094339622642,0.0402286934448662,-0.00861089722414968,530,-5.06676669535122,27.7048037641371
"427","E14000956","Southampton, Test",7.54437869822485,0.0440783015851283,-0.00558789037043343,520,-23.4062370470569,27.760528538205
"428","E14000957","Southend West",9.94132985658409,0.030127727434536,-0.0125546695241382,590,53.6894558329305,17.8129009567822
"429","E14000958","Southport",5.87412587412587,0.0385276556253417,-0.00780610114505087,550,36.0213589492078,20.9858015107008
"430","E14000959","Spelthorne",11.9047619047619,0.0165680680856885,-0.0126216080548879,630,3.58039235015363,13.1887622245018
"431","E14000960","St Albans",12.5253036437247,0.0206330996587418,-0.00547951946403473,760,50.289166577451,8.77898967351728
"432","E14000961","St Austell and Newquay",9.30944055944056,0.0306359151188485,-0.00900481717968227,440,-13.454646642203,24.8851719742674
"433","E14000962","St Helens North",4.89840348330914,0.047951237665983,-0.0104425907683592,530,-5.40943542401924,28.6572113170121
"434","E14000963","St Helens South and Whiston",5.02354788069074,0.0524728805088565,-0.0133181054309872,490,-43.806945810506,32.0467036482439
"435","E14000964","St Ives",10.1170568561873,0.0242973357624558,-0.008483743592562,460,-27.4621766165823,25.0650212033451
"436","E14000965","Stafford",6.50978407557355,0.0240514798776262,-0.00932990441333836,570,-15.0580864590624,14.4751234806746
"437","E14000966","Staffordshire Moorlands",5.76923076923077,0.0181810487534994,-0.00776974151610781,550,16.0650776650065,15.5110409443534
"438","E14000967","Stalybridge and Hyde",5.76923076923077,0.0502325495822687,-0.0100367323898588,500,-4.00397738205053,28.125362893803
"439","E14000968","Stevenage",8.81147540983607,0.0260955901686514,-0.0215587991244408,610,-10.6594975328031,17.2370005579652
"440","E14000969","Stockport",6.46835664335664,0.0486494019273067,-0.0144989634906624,550,3.16759558364191,28.1743304087085
"441","E14000970","Stockton North",4.90384615384615,0.0695994171612601,-0.0135899427128058,490,-34.723976856353,31.7120421265778
"442","E14000971","Stockton South",5.5668016194332,0.0397617523892431,-0.0124589975515383,570,13.2405568228655,18.2226201497211
"443","E14000972","Stoke-on-Trent Central",4.23076923076923,0.0636790034669603,-0.0135249850804792,500,-32.9450350000543,36.1066376592091
"444","E14000973","Stoke-on-Trent North",5,0.0574172117599896,-0.0107105927239666,450,-26.5613815899538,33.6881702055078
"445","E14000974","Stoke-on-Trent South",5.08814102564103,0.0453157915131818,-0.0119167214180984,480,-2.5481166394869,30.2198526929261
"446","E14000975","Stone",7.21153846153846,0.0146317351251964,-0.00836912746420517,560,-4.17912084372784,11.9444563643293
"447","E14000976","Stourbridge",6.14510489510489,0.0450903186638097,-0.0154851758304969,550,-20.0192122811096,19.3865269247538
"448","E14000977","Stratford-on-Avon",9.64590964590965,0.017578761584627,-0.00499402636470161,630,63.7935251897172,11.6620926729496
"449","E14000978","Streatham",12.8205128205128,0.0370432922960491,-0.0269925319609577,750,54.2869985529504,25.6557814728458
"450","E14000979","Stretford and Urmston",7.15249662618084,0.0441605539030294,-0.0108446586317073,570,2.71785772421485,22.2506402167017
"451","E14000980","Stroud",9.28321678321678,0.0167698491611595,-0.0126710185242289,550,29.8115319456759,11.3332802092866
"452","E14000981","Suffolk Coastal",9.9002849002849,0.0189705807232775,-0.00735468142948316,540,-87.9123122552737,15.1007315682116
"453","E14000982","Sunderland Central",4.90580847723705,0.0697285839135971,-0.0175769207912384,490,-13.4015485040746,29.8373061485058
"454","E14000983","Surrey Heath",10.8516483516484,0.0100432702498046,-0.0127314434104982,700,53.3533508505413,8.54319533480986
"455","E14000984","Sutton and Cheam",11.3518943742824,0.0236160908651041,-0.00614934686865327,670,48.2262508277094,11.1970143089195
"456","E14000985","Sutton Coldfield",7.96703296703297,0.0248285784532518,-0.00976888138486768,700,71.8505909510766,12.3949838767316
"457","E14000986","Tamworth",7.3005698005698,0.0304431599616422,-0.0186856964031265,540,-35.4152935483923,18.8234504913553
"458","E14000987","Tatton",9.04403567447046,0.0166931756324997,-0.0100614287448361,690,26.027663870977,11.5356590561542
"459","E14000988","Taunton Deane",8.32100591715976,0.0263339222434067,-0.00183344582959239,520,-20.8866217490431,16.5137456406573
"460","E14000989","Telford",6.49549918166939,0.0454922756147064,-0.0208602821734027,470,-15.8043762998396,29.2597023421678
"461","E14000990","Tewkesbury",8.94062078272605,0.0185794911008133,-0.0103636887058317,570,-21.1295938132076,11.3844053180564
"462","E14000991","The Cotswolds",11.1916771752837,0.0152333483851584,-0.00574826549133041,610,27.1471988888458,10.6796895313975
"463","E14000992","The Wrekin",6.57877867746289,0.024175377040442,-0.0123849114711315,570,1.92163723272142,18.3460823944736
"464","E14000993","Thirsk and Malton",8.55572998430141,0.0173797943502604,-0.0082335795056287,490,-17.7265030745749,15.5647123599189
"465","E14000994","Thornbury and Yate",9.77819426336375,0.0138671433718006,-0.00593527813306463,590,4.94696148765594,10.2503497195605
"466","E14000995","Thurrock",9.44669365721997,0.0412014662894922,-0.0182748764820818,570,24.6095869261251,23.6605225927896
"467","E14000996","Tiverton and Honiton",9.23076923076923,0.019848908462742,-0.00286531206347275,500,-22.7796701250255,15.6148735242273
"468","E14000997","Tonbridge and Malling",10.5351170568562,0.0166097504302592,-0.00549167475730493,690,13.5549098528207,11.3239349735148
"469","E14000998","Tooting",15.357905982906,0.0240220435102564,-0.0163992982006263,720,100.335679746137,19.0952762435645
"470","E14000999","Torbay",7.26059654631083,0.0422918420111396,-0.0109868378423451,490,-6.69862988226157,30.1337938049196
"471","E14001000","Torridge and West Devon",8.65384615384615,0.0226365114364247,-0.00437828887161112,500,-35.9310029049508,21.0691395008244
"472","E14001001","Totnes",10.1692307692308,0.0208189577708419,-0.00877403603609562,500,-24.5083000204659,19.8985069761847
"473","E14001002","Tottenham",15.0862068965517,0.0549152235736587,-0.0431893183232822,580,2.59293687263258,39.4045008981696
"474","E14001003","Truro and Falmouth",9.61538461538461,0.024143634072354,-0.00697541015522104,530,18.824682619263,19.5707551715746
"475","E14001004","Tunbridge Wells",10.8919345579793,0.0162207329665188,-0.00586498028698981,670,29.2751195870838,10.8434283711988
"476","E14001005","Twickenham",14.2357642357642,0.0205642173470117,-0.00339042898657575,770,44.6968846738349,10.0150411712902
"477","E14001006","Tynemouth",6.45371577574967,0.0361663295485069,-0.00798190218684237,590,25.5638141310431,16.9480569747623
"478","E14001007","Uxbridge and South Ruislip",12.0551090700344,0.0226274597397089,-0.017886353166648,670,27.7167110088577,15.2940447490251
"479","E14001008","Vauxhall",17.4242424242424,0.0412449299573099,-0.0216386859752129,660,73.8841735002245,30.5151471244061
"480","E14001009","Wakefield",5.7137573964497,0.0380981750944044,-0.0186993946177103,520,-26.6906771017442,26.0077364061195
"481","E14001010","Wallasey",5.38461538461539,0.0566254569336403,-0.0105912318623735,500,-11.1694752064423,31.383686296602
"482","E14001011","Walsall North",5.31914893617021,0.0750285432877773,-0.02754636233173,470,-106.128939191868,38.1342385196565
"483","E14001012","Walsall South",5.92621664050235,0.0708894321309069,-0.0237238982353892,490,-37.7548147510302,33.1060800371984
"484","E14001013","Walthamstow",14.1551071878941,0.0459735388814925,-0.0274532222538474,610,46.2323145459744,32.7625282667346
"485","E14001014","Wansbeck",5.20361990950226,0.0586145687449868,-0.00302383695100279,510,-82.3183573455448,25.5894109496988
"486","E14001015","Wantage",9.64408725602755,0.01492620312594,-0.00671867765625373,670,-33.2181967999231,9.06233441005678
"487","E14001016","Warley",6.438127090301,0.0637779843644408,-0.0337924120404345,460,-15.7851198623199,35.2369154192489
"488","E14001017","Warrington North",5.91715976331361,0.037028944287656,-0.0138486774140238,520,-5.95327225063466,23.6663664793809
"489","E14001018","Warrington South",6.06508875739645,0.0265528217893917,-0.00962478969763074,650,38.4233548987929,15.5118220026094
"490","E14001019","Warwick and Leamington",8.99503722084367,0.0216645182482283,-0.0150690496855083,620,14.9341846459673,13.2936630586131
"491","E14001020","Washington and Sunderland West",4.70540098199673,0.0638013422565817,-0.00738314467861308,470,-2.61358589417986,29.7504635290626
"492","E14001021","Watford",12.5488917861799,0.02835832307376,-0.00673142589879743,590,37.8301604022452,14.5840838714139
"493","E14001022","Waveney",7.01923076923077,0.05026176365112,-0.00269018724450887,500,-49.8750363167008,26.0970854268412
"494","E14001023","Wealden",10.671500630517,0.015233871543513,-0.00376264753298722,610,30.796195418326,11.2402829941607
"495","E14001024","Weaver Vale",6.5418956043956,0.0345743925034978,-0.0130455614787486,560,-29.5386322069843,21.4931537363322
"496","E14001025","Wellingborough",7.32156065088757,0.0317010914741852,-0.0199036341442984,520,-50.7673918437862,20.6030579339424
"497","E14001026","Wells",9.42307692307692,0.0279936229189522,0.00262256434123436,500,-6.07003225019045,16.4394754315178
"498","E14001027","Welwyn Hatfield",11.3368486352357,0.0247286087518476,-0.0120480079091678,620,17.2238900266504,13.2505184176285
"499","E14001028","Wentworth and Dearne",4.90580847723705,0.0496453097827643,-0.0173248919978977,490,-56.4966230603842,30.2266648389308
"500","E14001029","West Bromwich East",5.65828402366864,0.0639164014011118,-0.0219209105214008,520,-51.7874226827316,33.7076851950532
"501","E14001030","West Bromwich West",5.09049773755656,0.0647318055764287,-0.0289560443480056,510,-20.6109706839483,36.1046453924722
"502","E14001031","West Dorset",10.3276353276353,0.0183952612440638,0.00167126800079909,540,-2.98837113870991,14.2725672564797
"503","E14001032","West Ham",13.2692307692308,0.0406133549003004,-0.0374307769891961,610,37.9052181520025,34.1226872038801
"504","E14001033","West Lancashire",6.46853146853147,0.0341506761922846,-0.0171707592709964,550,18.7977473872064,21.2286787890888
"505","E14001034","West Suffolk",8.36894586894587,0.0206194232274585,-0.00981568240327904,540,-26.7970562611711,17.3807243863677
"506","E14001035","West Worcestershire",9.76495726495727,0.0217880257005257,-0.00812609067221203,540,-10.6260385454255,15.6175611993443
"507","E14001036","Westminster North",17.5891181988743,0.0326776481593629,-0.0235281485525696,820,71.1129784539693,32.0477480908914
"508","E14001037","Westmorland and Lonsdale",8.0506993006993,0.0100723091891788,-0.00230527085052923,550,19.5656035823873,11.6563172172626
"509","E14001038","Weston-Super-Mare",8.72545008183306,0.0374978229470552,-0.00297081521818374,470,-31.2809346542525,22.4907305369319
"510","E14001039","Wigan",5.29827315541601,0.0530492964023266,-0.0116298266966693,490,-11.8949929808045,27.37013012162
"511","E14001040","Wimbledon",14.8980537534754,0.0160842629810529,-0.00325152494871794,830,74.9873774752105,8.54867016720626
"512","E14001041","Winchester",11.4827201783724,0.0138287098414883,-0.00568156901189439,690,30.2869043996467,7.53106939196503
"513","E14001042","Windsor",13.2575757575758,0.0138166866487514,-0.00863737636084,660,20.9714518126945,8.5745805938597
"514","E14001043","Wirral South",5.83118796526055,0.0248824739932761,-0.0127093704857542,620,24.3263528309331,14.9896425366601
"515","E14001044","Wirral West",6.91632928475034,0.0260420796782244,-0.0111318537229102,570,31.0371688037646,15.8599731688579
"516","E14001045","Witham",9.02366863905325,0.0207709463972958,-0.0107075664835243,650,-29.1910661671649,13.3379610910279
"517","E14001046","Witney",10.5218672456576,0.0135453578794688,-0.00155254987588505,620,18.6186968832591,8.12380631639874
"518","E14001047","Woking",11.0089186176143,0.0124927156514589,-0.011752527583534,690,6.52920363867098,9.8840993183848
"519","E14001048","Wokingham",11.4269788182832,0.0120236186513019,-0.00807642822872729,690,29.8924327702008,6.25646992353027
"520","E14001049","Wolverhampton North East",5.89198036006547,0.083705126538508,-0.0159548536436365,470,-45.6824032364095,35.0288583776372
"521","E14001050","Wolverhampton South East",5.55555555555556,0.0865779748773297,-0.0239928962242916,450,-59.5915818870714,38.5593366344425
"522","E14001051","Wolverhampton South West",6.19755244755245,0.06973396409059,-0.0141910634874743,550,-12.4370144942984,24.8018319433885
"523","E14001052","Worcester",7.03347578347578,0.031616334856724,-0.0154878915982173,540,-22.0918207594061,19.9023094855628
"524","E14001053","Workington",5.06072874493927,0.0391657020393563,-0.000492958848761577,570,-78.2144595771253,24.3596463742966
"525","E14001054","Worsley and Eccles South",6.03318250377074,0.0516060822727467,-0.0119724259221035,510,-0.489689623301304,30.1714767497699
"526","E14001055","Worthing West",10.4895104895105,0.0279194532542565,-0.00962355644398346,550,-26.2460369818178,16.9363700307092
"527","E14001056","Wycombe",10.3132754342432,0.0279041749044545,-0.00898411140055623,620,8.33427330910036,12.291981456396
"528","E14001057","Wyre and Preston North",6.95786713286713,0.014771155265259,-0.00162558188828279,550,-2.71948972304125,10.6261084622671
"529","E14001058","Wyre Forest",7.41185897435897,0.0320955303215664,-0.0171323864382283,480,-31.4423351985438,22.0658337377898
"530","E14001059","Wythenshawe and Sale East",7,0.0510669940397033,-0.0185463966289411,500,20.905172892549,34.6943385899378
"531","E14001060","Yeovil",7.43831640058055,0.0243098385047678,-0.000994510927368148,530,-48.3235905686169,17.7357568834483
"532","E14001061","York Central",8.46153846153846,0.0206008269747359,-0.0284504463871163,500,-2.35235584766428,16.7498474644954
"533","E14001062","York Outer",9.43047337278107,0.010961029799022,-0.0132790086427444,520,1.6985614704219,7.09251826973313
"534","N06000001","Belfast East",NA,0.0308837802800093,0.00597329976074593,530,NA,NA
"535","N06000002","Belfast North",NA,0.0437238360503805,0.0181668025743488,490,NA,NA
"536","N06000003","Belfast South",NA,0.0243060122833913,-0.0144147081937338,560,NA,NA
"537","N06000004","Belfast West",NA,0.0659837665997072,0.0290767540383582,470,NA,NA
"538","N06000005","East Antrim",NA,0.0342488707787618,0.00322722084178211,540,NA,NA
"539","N06000006","East Londonderry",NA,0.0427964385194263,0.0120536433629078,460,NA,NA
"540","N06000007","Fermanagh and South Tyrone",NA,0.0323817668428094,-0.0198784944399846,500,NA,NA
"541","N06000008","Foyle",NA,0.07904449324726,0.0100033194768605,460,NA,NA
"542","N06000009","Lagan Valley",NA,0.0227284770376549,-0.0634445566248612,580,NA,NA
"543","N06000010","Mid Ulster",NA,0.0250335441821737,-0.0718064674370603,480,NA,NA
"544","N06000011","Newry and Armagh",NA,0.0322394683560233,-0.0136882449859302,510,NA,NA
"545","N06000012","North Antrim",NA,0.032649131676388,-0.0251013517512633,470,NA,NA
"546","N06000013","North Down",NA,0.0266931942836067,-0.0166103468712193,540,NA,NA
"547","N06000014","South Antrim",NA,0.0224788147842855,-0.0442997461730017,550,NA,NA
"548","N06000015","South Down",NA,0.0294946022328433,-0.0301529521882562,490,NA,NA
"549","N06000016","Strangford",NA,0.032514389401317,-0.0215445090683434,510,NA,NA
"550","N06000017","Upper Bann",NA,0.0307701946587164,-0.0302159391947572,510,NA,NA
"551","N06000018","West Tyrone",NA,0.043837263508349,-0.023178299248617,510,NA,NA
"552","S14000001","Aberdeen North",NA,0.0425476432331383,-0.00431961476692765,510,NA,NA
"553","S14000002","Aberdeen South",NA,0.0246179811470634,-0.0108034940194237,620,NA,NA
"554","S14000003","Airdrie and Shotts",NA,0.0555131993144004,0.007355866773266,550,NA,NA
"555","S14000004","Angus",NA,0.0501227766139481,0.0151038080955189,520,NA,NA
"556","S14000005","Argyll and Bute",NA,0.0347431885304172,-0.00285205705118984,480,NA,NA
"557","S14000006","Ayr, Carrick and Cumnock",NA,0.0662301367710475,0.0163343985901501,550,NA,NA
"558","S14000007","Banff and Buchan",NA,0.0326998906711207,-0.0520199826288444,550,NA,NA
"559","S14000008","Berwickshire, Roxburgh and Selkirk",NA,0.0366960871925621,-0.0621590741926343,510,NA,NA
"560","S14000009","Caithness, Sutherland and Easter Ross",NA,0.0462610581787806,-0.0194238678197881,580,NA,NA
"561","S14000010","Central Ayrshire",NA,0.0602030954661021,-0.0508172344402358,580,NA,NA
"562","S14000011","Coatbridge, Chryston and Bellshill",NA,0.0498252109598653,-0.0363241978817317,590,NA,NA
"563","S14000012","Cumbernauld, Kilsyth and Kirkintilloch East",NA,0.0469943743660451,-0.021171958904831,560,NA,NA
"564","S14000013","Dumfries and Galloway",NA,0.0454969842286668,-0.0475005030173678,470,NA,NA
"565","S14000014","Dumfriesshire, Clydesdale and Tweeddale",NA,0.0302605231372389,-0.0437243259761221,520,NA,NA
"566","S14000015","Dundee East",NA,0.0470168113869263,0.0346018295151597,530,NA,NA
"567","S14000016","Dundee West",NA,0.0776640056659579,0.0130426655027207,530,NA,NA
"568","S14000017","Dunfermline and West Fife",NA,0.0436196507219518,0.0128313542112351,600,NA,NA
"569","S14000018","East Dunbartonshire",NA,0.0178444200481443,-0.0519811717436998,700,NA,NA
"570","S14000019","East Kilbride, Strathaven and Lesmahagow",NA,0.0337096487450641,-0.0319099065365898,590,NA,NA
"571","S14000020","East Lothian",NA,0.0339773219196215,-0.0235428963758175,600,NA,NA
"572","S14000021","East Renfrewshire",NA,0.0229789203944994,-0.0324624568840391,740,NA,NA
"573","S14000022","Edinburgh East",NA,0.0306015513567076,-0.0230067135974636,560,NA,NA
"574","S14000023","Edinburgh North and Leith",NA,0.0261861238945251,-0.0198732578508659,590,NA,NA
"575","S14000024","Edinburgh South",NA,0.0169949708390077,-0.0128506930448117,640,NA,NA
"576","S14000025","Edinburgh South West",NA,0.026715282196515,-0.0496795700998436,550,NA,NA
"577","S14000026","Edinburgh West",NA,0.0192346282058201,-0.0601498945985348,580,NA,NA
"578","S14000027","Na h-Eileanan An Iar",NA,0.026551531394836,-0.0298314406979438,480,NA,NA
"579","S14000028","Falkirk",NA,0.0419088741050993,0.0134072099238792,560,NA,NA
"580","S14000029","Glasgow Central",NA,0.0631504641706786,0.0198457171721994,550,NA,NA
"581","S14000030","Glasgow East",NA,0.0721127362167619,0.0561034109595027,520,NA,NA
"582","S14000031","Glasgow North",NA,0.0485435966189009,-0.000728032854436983,620,NA,NA
"583","S14000032","Glasgow North East",NA,0.0821723383098276,0.0133123762118176,490,NA,NA
"584","S14000033","Glasgow North West",NA,0.0617418838169316,0.030629427711471,600,NA,NA
"585","S14000034","Glasgow South",NA,0.0488607213269428,0.0243829374095484,600,NA,NA
"586","S14000035","Glasgow South West",NA,0.0725307618412123,0.00588987556163056,490,NA,NA
"587","S14000036","Glenrothes",NA,0.0679126958931446,0.0267761639543014,510,NA,NA
"588","S14000037","Gordon",NA,0.0168271408893141,0.00613998101705407,650,NA,NA
"589","S14000038","Inverclyde",NA,0.0692978342065271,-0.00345400534277367,570,NA,NA
"590","S14000039","Inverness, Nairn, Badenoch and Strathspey",NA,0.0264263078530593,-0.0340530260417636,560,NA,NA
"591","S14000040","Kilmarnock and Loudoun",NA,0.0676384783201008,0.0218554776572559,590,NA,NA
"592","S14000041","Kirkcaldy and Cowdenbeath",NA,0.0682870153787356,0.0266686174332546,500,NA,NA
"593","S14000042","Lanark and Hamilton East",NA,0.0497284052980054,-0.000936739978823833,600,NA,NA
"594","S14000043","Linlithgow and East Falkirk",NA,0.0392940575831651,-0.0152544486698924,570,NA,NA
"595","S14000044","Livingston",NA,0.0362832619112172,0.00209582598455641,550,NA,NA
"596","S14000045","Midlothian",NA,0.031774880333139,-0.024830186162886,540,NA,NA
"597","S14000046","Moray",NA,0.0320024726790212,-0.0273997263550908,530,NA,NA
"598","S14000047","Motherwell and Wishaw",NA,0.0533638527201309,-0.00197384314243562,520,NA,NA
"599","S14000048","North Ayrshire and Arran",NA,0.0751698547910326,0.0422270349689001,570,NA,NA
"600","S14000049","North East Fife",NA,0.027482667151637,-0.0486042855557562,530,NA,NA
"601","S14000050","Ochil and South Perthshire",NA,0.0365373694676046,-0.0256819994078514,540,NA,NA
"602","S14000051","Orkney and Shetland",NA,0.0168246368963589,-0.0157157282010282,660,NA,NA
"603","S14000052","Paisley and Renfrewshire North",NA,0.0364149572330817,-0.0214056401780234,670,NA,NA
"604","S14000053","Paisley and Renfrewshire South",NA,0.0585878538074994,-0.00569788187993157,530,NA,NA
"605","S14000054","Perth and North Perthshire",NA,0.0303480318553798,-0.0213222573896344,560,NA,NA
"606","S14000055","Ross, Skye and Lochaber",NA,0.0219755462639645,-0.0202513004597991,530,NA,NA
"607","S14000056","Rutherglen and Hamilton West",NA,0.054059900754926,0.00716740150257709,540,NA,NA
"608","S14000057","Stirling",NA,0.0329341800503981,-0.025893201066979,590,NA,NA
"609","S14000058","West Aberdeenshire and Kincardine",NA,0.0136965496065329,-0.0140623246459543,660,NA,NA
"610","S14000059","West Dunbartonshire",NA,0.0651131273039135,0.0183616836597542,520,NA,NA
"611","W07000041","Ynys Mon",6.67189952904239,0.0355488004815685,-0.0189432981236573,490,NA,NA
"612","W07000042","Delyn",6.10207100591716,0.0386838421504333,-0.0623331976508872,520,NA,NA
"613","W07000043","Alyn and Deeside",6.27747252747253,0.0314143477889497,-0.021976845089736,490,NA,NA
"614","W07000044","Wrexham",5.63186813186813,0.0415423362750011,-0.0887353033026084,560,NA,NA
"615","W07000045","Llanelli",4.70192307692308,0.0409994252879635,-0.012045259101104,500,NA,NA
"616","W07000046","Gower",6.08974358974359,0.0270386357915572,-0.0502373966117239,540,NA,NA
"617","W07000047","Swansea West",5.27987637362637,0.0591376779698322,4.40770058216106e-05,560,NA,NA
"618","W07000048","Swansea East",4.33634992458522,0.0584610976899037,-0.0555886892641375,510,NA,NA
"619","W07000049","Aberavon",3.67132867132867,0.0510964582678033,0.0118685869939755,550,NA,NA
"620","W07000050","Cardiff Central",7.35294117647059,0.0457753195363766,-0.0172074476662374,510,NA,NA
"621","W07000051","Cardiff North",8.02797919293821,0.0214399796246391,-0.0571534658274966,610,NA,NA
"622","W07000052","Rhondda",2.92642140468227,0.0576316709952751,-0.000993993443498563,460,NA,NA
"623","W07000053","Torfaen",5.26124818577649,0.0486000980134095,0.003929041439818,530,NA,NA
"624","W07000054","Monmouth",7.56604665825977,0.0213916418715619,-0.0236482260844096,610,NA,NA
"625","W07000055","Newport East",5.99112426035503,0.0476026643551136,-0.0189841663963191,520,NA,NA
"626","W07000056","Newport West",6.46835664335664,0.053902135551534,0.00562281145892137,550,NA,NA
"627","W07000057","Arfon",5.44267053701016,0.037284042951165,-0.0262844864274209,530,NA,NA
"628","W07000058","Aberconwy",6.38365384615385,0.0314668961409539,-0.0533415844680268,500,NA,NA
"629","W07000059","Clwyd West",5.6980056980057,0.0407494181450361,0.00505532674207029,540,NA,NA
"630","W07000060","Vale of Clwyd",5.4925431711146,0.0514620060159655,0.0273234072579047,490,NA,NA
"631","W07000061","Dwyfor Meirionnydd",7.28021978021978,0.0188032257428335,-0.0551373188434934,420,NA,NA
"632","W07000062","Clwyd South",5.69230769230769,0.0365794799237459,-0.00463628027621956,500,NA,NA
"633","W07000063","Montgomeryshire",6.81089743589744,0.0207570393426081,-0.0173067560070721,480,NA,NA
"634","W07000064","Ceredigion",6.98587127158556,0.023791606862463,-0.0387490908377597,490,NA,NA
"635","W07000065","Preseli Pembrokeshire",6.81438127090301,0.0320622943154484,0.00529641338558697,460,NA,NA
"636","W07000066","Carmarthen West and Pembrokeshire South",6.95581014729951,0.0337239532493892,-0.00318825683669544,470,NA,NA
"637","W07000067","Carmarthen East and Dinefwr",5.54715236686391,0.0310821670401323,-0.0165294583068055,520,NA,NA
"638","W07000068","Brecon and Radnorshire",7.3075,0.0190335999708687,-0.0432270078514642,500,NA,NA
"639","W07000069","Neath",4.80769230769231,0.0446320375955161,-0.0201340977874418,480,NA,NA
"640","W07000070","Cynon Valley",3.45784023668639,0.0498411146387767,-0.00645664205875553,520,NA,NA
"641","W07000071","Merthyr Tydfil and Rhymney",3.93138111888112,0.0577432392134996,0.0137169990016441,440,NA,NA
"642","W07000072","Blaenau Gwent",3.40344551282051,0.0541351442582295,0.0182598012309905,480,NA,NA
"643","W07000073","Bridgend",5.65114709851552,0.0339323827652347,-0.0210905483854363,570,NA,NA
"644","W07000074","Ogmore",4.71679970972424,0.0385882463230224,-0.0322037775269992,530,NA,NA
"645","W07000075","Pontypridd",4.92989510489511,0.0288448561304134,-0.02328642361197,550,NA,NA
"646","W07000076","Caerphilly",5.57692307692308,0.0423921317552048,0.0136494260917804,500,NA,NA
"647","W07000077","Islwyn",4.4267053701016,0.0375657460725896,-0.0101409840786126,530,NA,NA
"648","W07000078","Vale of Glamorgan",7.14285714285714,0.0328066515940414,-0.00512270363501969,560,NA,NA
"649","W07000079","Cardiff West",7.51748251748252,0.0483923489263742,0.0160995365856822,550,NA,NA
"650","W07000080","Cardiff South and Penarth",6.65680473372781,0.0479651688468562,-0.0073330407090432,520,NA,NA
